<?xml version="1.0" encoding="utf-8" ?>
<dwsync>
<file name="font-awesome.min.css" server="ftp.adigitalengagement.co.uk" local="3542702551" remote="3542653020" Dst="-1" />
<file name="fonts.css" server="ftp.adigitalengagement.co.uk" local="3542702559" remote="3542653020" Dst="-1" />
<file name="jquerymobile.nativedroid.color.blue.css" server="ftp.adigitalengagement.co.uk" local="3542702559" remote="3542653020" Dst="-1" />
<file name="jquerymobile.nativedroid.color.green.css" server="ftp.adigitalengagement.co.uk" local="3542702559" remote="3542653020" Dst="-1" />
<file name="jquerymobile.nativedroid.color.purple.css" server="ftp.adigitalengagement.co.uk" local="3542702559" remote="3542653020" Dst="-1" />
<file name="jquery.mobile-1.4.5.css" server="ftp.adigitalengagement.co.uk" local="3542702562" remote="3542653020" Dst="-1" />
<file name="jquerymobile.nativedroid.color.red.css" server="ftp.adigitalengagement.co.uk" local="3542702562" remote="3542653020" Dst="-1" />
<file name="jquerymobile.nativedroid.color.yellow.css" server="ftp.adigitalengagement.co.uk" local="3542702562" remote="3542653020" Dst="-1" />
<file name="jquerymobile.nativedroid.css" server="ftp.adigitalengagement.co.uk" local="3542702562" remote="3542653020" Dst="-1" />
<file name="jquerymobile.nativedroid.dark.css" server="ftp.adigitalengagement.co.uk" local="3542702562" remote="3542653020" Dst="-1" />
<file name="jquerymobile.nativedroid.light.css" server="ftp.adigitalengagement.co.uk" local="3542702562" remote="3542653020" Dst="-1" />
</dwsync>